<!DOCTYPE hibernate-mapping PUBLIC "-//Hibernate/Hibernate Mapping DTD 3.0//EN" "http://hibernate.sourceforge.net/hibernate-mapping-3.0.dtd">
<hibernate-mapping>
    <class name="com.oracdgs9db.data.DataReg1" table="DATA_REG1" schema="POLISMIS" dynamic-insert="false" dynamic-update="false">
        <composite-id name="id" class="com.oracdgs9db.data.DataReg1Id">
            <key-property name="rdlnnamt" type="string">
                <column name="RDLNNAMT"/>
            </key-property>
            <key-property name="rdlnname" type="string">
                <column name="RDLNNAME"/>
            </key-property>
            <key-property name="provCode" type="string">
                <column name="PROV_CODE"/>
            </key-property>
            <key-property name="provNamt" type="string">
                <column name="PROV_NAMT"/>
            </key-property>
            <key-property name="ampCode" type="string">
                <column name="AMP_CODE"/>
            </key-property>
            <key-property name="ampNamt" type="string">
                <column name="AMP_NAMT"/>
            </key-property>
        </composite-id>
    </class>
</hibernate-mapping>