<!DOCTYPE hibernate-mapping PUBLIC "-//Hibernate/Hibernate Mapping DTD 3.0//EN" "http://hibernate.sourceforge.net/hibernate-mapping-3.0.dtd">
<hibernate-mapping>
    <class name="com.oracdgs9db.data.DatProfession" table="DAT_PROFESSION" schema="POLISMIS" dynamic-insert="false" dynamic-update="false">
        <id name="profCode" type="string">
            <column name="PROF_CODE" length="3"/>
            <generator class="assigned"/>
        </id>
        <property name="profDesc" type="string">
            <column name="PROF_DESC" length="50"/>
        </property>
        <property name="updId" type="string">
            <column name="UPD_ID" length="13"/>
        </property>
        <property name="updDate" type="timestamp">
            <column name="UPD_DATE"/>
        </property>
    </class>
</hibernate-mapping>