<!DOCTYPE hibernate-mapping PUBLIC "-//Hibernate/Hibernate Mapping DTD 3.0//EN" "http://hibernate.sourceforge.net/hibernate-mapping-3.0.dtd">
<hibernate-mapping>
    <class name="com.oracdgs9db.data.DatSuit" table="DAT_SUIT" schema="POLISMIS" dynamic-insert="false" dynamic-update="false">
        <id name="suitCode" type="string">
            <column name="SUIT_CODE" length="2"/>
            <generator class="assigned"/>
        </id>
        <property name="suitDesc" type="string">
            <column name="SUIT_DESC" length="30"/>
        </property>
        <property name="updId" type="string">
            <column name="UPD_ID" length="13"/>
        </property>
        <property name="updDate" type="date">
            <column name="UPD_DATE" length="7"/>
        </property>
    </class>
</hibernate-mapping>